threshold,f1,precision,recall,mf_f1,bp_f1,cc_f1
0.0001,0.006703275095109343,0.0034127165585185783,0.6317397018827189,0.005957604665846199,0.0037866539419977186,0.010365566677484112
0.0005,0.027790693314182286,0.015559383365310361,0.44072208476395963,0.02549940164732423,0.011994282204322922,0.045878396090899706
0.001,0.03999925002780367,0.0249735653852525,0.37076284056106723,0.03712384230970463,0.012596200653994544,0.07027770711971185
0.005,0.07766364510352554,0.06442525234145711,0.266599358195225,0.0851838724776243,0.0,0.1478070628329523
0.01,0.16194006702142616,0.2476360352817207,0.21905421179249118,0.29803882045012964,0.0,0.18778138061414887
0.02,0.16191798754182848,0.2662605575016982,0.16356590903615995,0.29803882045012964,0.0,0.1877151421753558
0.05,0.09934627348337655,0.1944564001032969,0.09236183336363274,0.29803882045012964,0.0,0.0
