threshold,f1,precision,recall,mf_f1,bp_f1,cc_f1
0.1,0.14544115394440557,0.10707737800497663,0.5352779255801937,0.16390505664796598,0.07365353168518783,0.19876487350006286
0.2,0.21941074399312988,0.2248816243652649,0.43648596015253055,0.27986011690042606,0.09747942946116099,0.2808926856178026
0.3,0.24528000661584226,0.30070682407975696,0.3598660208417861,0.33625647167676864,0.08993016192442733,0.3096533862463308
0.4,0.2519748849925875,0.341591421705896,0.30724218603716413,0.3632072015865254,0.07971675098484701,0.31300070240639016
0.5,0.24156048147598277,0.3497433207233276,0.267281137897199,0.36565331156644243,0.06499609132114845,0.2940320415403575
0.6,0.21900749996959626,0.33356911763214775,0.22869417842410109,0.3474093956220447,0.04669409768053995,0.2629190066062042
0.7,0.19642766456255156,0.31140134850652956,0.19503480742824184,0.32317037413093236,0.03598016382981187,0.23013245572691043
0.8,0.17520409914653812,0.28569336985182775,0.16852474958326014,0.29897710404436667,0.026898376923253677,0.199736816471994
