{
  "train_loss": [
    0.015460093422829467,
    0.00204021292993456,
    0.0019562467748987815,
    0.0019161702190319471,
    0.0018823193140610345,
    0.0018557458373430012,
    0.0018358543274803012,
    0.0018198974197935255,
    0.001809659906996213,
    0.0018017834605617584
  ],
  "val_loss": [
    0.0020273758630231674,
    0.0018926206783561894,
    0.0018613609939297116,
    0.00182914944175662,
    0.0018157432469251722,
    0.0017875240646328232,
    0.0017720333204845537,
    0.0017702490409503139,
    0.0017570124271348135,
    0.0017543532797353444
  ],
  "val_f1": [
    0.17737052665408098,
    0.1773143509085124,
    0.19459451089356222,
    0.2136696059450771,
    0.21617347627837588,
    0.2238198191018341,
    0.22960932346127033,
    0.22913319121429154,
    0.23275553455194326,
    0.23306058362136356
  ],
  "val_precision": [
    0.174888833028509,
    0.17471489536291426,
    0.3243836336791861,
    0.3309877752447985,
    0.22565155585487612,
    0.3259727528840447,
    0.3357066931410115,
    0.34808048052238333,
    0.3420051468816178,
    0.33969988450223265
  ],
  "val_recall": [
    0.27143282156288956,
    0.27155978850543194,
    0.18431989300476817,
    0.21139340412954313,
    0.303802878733673,
    0.2305531484845706,
    0.2343260142460755,
    0.2269806408321275,
    0.2360906118964332,
    0.237900903291009
  ]
}